0,A A SPECTRUM,ジャケット/アウター,その他アウター,https://zozo.jp/shop/canaljean/goods/43576627/?did=72370443,https://c.imgz.jp/627/44576627/44576627b_8_d_500.jpg,86900,black,42,3,53,hade,adult,yurui,huwahuwa,cool
1,A A SPECTRUM,ジャケット/アウター,ダウンジャケット/コート,https://zozo.jp/shop/publux/goods/46874874/?did=76906258,https://c.imgz.jp/874/47874874/47874874_1_d_500.jpg,52800,white,41,13,45,hikaeme,adult,cool,huwahuwa,beuty
2,A A SPECTRUM,ジャケット/アウター,ダウンベスト,https://zozo.jp/shop/publux/goods/46874873/?did=76906257,https://c.imgz.jp/873/47874873/47874873_8_d_500.jpg,52800,black,24,18,56,hade,adult,huwahuwa,cool,yurui
3,A A SPECTRUM,ジャケット/アウター,ダウンベスト,https://zozo.jp/shop/publux/goods/46874872/?did=76906256,https://c.imgz.jp/872/47874872/47874872_1_d_500.jpg,29920,white,38,11,49,hikaeme,adult,cool,huwahuwa,beuty
4,A A SPECTRUM,ジャケット/アウター,ナイロンジャケット,https://zozo.jp/shop/royalflash/goods/47190988/?did=77367212,https://c.imgz.jp/988/48190988/48190988_8_d_500.jpg,44220,black,42,8,49,hade,adult,huwahuwa,cool,yurui
5,A AMEL,ジャケット/アウター,ナイロンジャケット,https://zozo.jp/shop/royalflash/goods/47190988/?did=77367212,https://c.imgz.jp/988/48190988/48190988_8_d_500.jpg,44220,black,42,8,49,hade,adult,huwahuwa,cool,yurui
6,A AMEL,ジャケット/アウター,ナイロンジャケット,https://zozo.jp/shop/royalflash/goods/47190988/?did=77367212,https://c.imgz.jp/988/48190988/48190988_8_d_500.jpg,44220,black,42,8,49,hade,adult,huwahuwa,cool,yurui
7,A AMEL,ジャケット/アウター,ナイロンジャケット,https://zozo.jp/shop/royalflash/goods/47190988/?did=77367212,https://c.imgz.jp/988/48190988/48190988_8_d_500.jpg,44220,black,42,8,49,hade,adult,huwahuwa,cool,yurui
8,A AMEL,ジャケット/アウター,ムートンコート,https://zozo.jp/shop/aamel/goods/48903307/?did=79689790,https://c.imgz.jp/307/49903307/49903307b_14_d_500.jpg,16800,white,40,11,47,hade,adult,huwahuwa,cool,yurui
9,A AMEL,トップス,ニット/セーター,https://zozo.jp/shop/aamel/goods/49558401/?did=80549265,https://c.imgz.jp/401/50558401/50558401b_171_d_500.jpg,7900,gray,81,1,17,hade,adult,huwahuwa,cool,yurui
10,A AMEL,トップス,ニット/セーター,https://zozo.jp/shop/aamel/goods/49558401/?did=80549264,https://c.imgz.jp/401/50558401/50558401b_1_d_500.jpg,7900,white,47,10,41,hade,adult,huwahuwa,cool,yurui
11,A AMEL,スカート,スカート,https://zozo.jp/shop/aamel/goods/49039043/?did=79857024,https://c.imgz.jp/043/50039043/50039043b_8_d_500.jpg,8900,gray,48,13,38,hade,adult,huwahuwa,yurui,cool
12,A AMEL,トップス,シャツ/ブラウス,https://zozo.jp/shop/aamel/goods/49558407/?did=80549271,https://c.imgz.jp/407/50558407/50558407b_8_d_500.jpg,7900,black,25,15,58,hade,adult,huwahuwa,cool,yurui
13,A AMEL,スカート,スカート,https://zozo.jp/shop/aamel/goods/41710446/?did=70987399,https://c.imgz.jp/446/42710446/42710446b_8_d_500.jpg,9065,black,44,5,49,hade,adult,huwahuwa,cool,yurui
14,A AMEL,スカート,スカート,https://zozo.jp/shop/aamel/goods/41710446/?did=70984888,https://c.imgz.jp/446/42710446/42710446b_14_d_500.jpg,9065,white,44,7,47,hikaeme,adult,huwahuwa,cool,yurui
15,A AMEL,トップス,ニット/セーター,https://zozo.jp/shop/aamel/goods/48903304/?did=79690028,https://c.imgz.jp/304/49903304/49903304b_1_d_500.jpg,6899,black,39,8,51,hade,adult,huwahuwa,cool,yurui
16,A AMEL,トップス,ニット/セーター,https://zozo.jp/shop/aamel/goods/48903304/?did=79690029,https://c.imgz.jp/304/49903304/49903304b_8_d_500.jpg,6899,black,35,12,52,hade,huwahuwa,adult,cool,yurui
17,A AMEL,スカート,デニムスカート,https://zozo.jp/shop/aamel/goods/41712495/?did=69703962,https://c.imgz.jp/495/42712495/42712495b_8_d_500.jpg,7563,black,43,8,47,hade,adult,huwahuwa,cool,yurui
18,A AMEL,スカート,スカート,https://zozo.jp/shop/aamel/goods/48903312/?did=79690033,https://c.imgz.jp/312/49903312/49903312b_8_d_500.jpg,9900,black,60,7,31,hade,adult,huwahuwa,cool,yurui
19,A AMEL,スカート,スカート,https://zozo.jp/shop/aamel/goods/48903314/?did=79689795,https://c.imgz.jp/314/49903314/49903314b_18_d_500.jpg,9900,gray,52,9,38,hade,adult,huwahuwa,cool,yurui
20,A AMEL,スカート,スカート,https://zozo.jp/shop/aamel/goods/48903311/?did=79690032,https://c.imgz.jp/311/49903311/49903311b_8_d_500.jpg,8900,black,33,7,59,hade,adult,huwahuwa,cool,yurui
21,A AMEL,シューズ,ブーツ,https://zozo.jp/shop/aamel/goods/47396460/?did=77651630,https://c.imgz.jp/460/48396460/48396460b_8_d_500.jpg,9065,black,40,16,43,hade,adult,huwahuwa,yurui,cool
22,A AMEL,スカート,デニムスカート,https://zozo.jp/shop/aamel/goods/49558410/?did=80549274,https://c.imgz.jp/410/50558410/50558410b_8_d_500.jpg,8900,black,59,3,37,hade,adult,huwahuwa,cool,yurui
23,A AMEL,トップス,シャツ/ブラウス,https://zozo.jp/shop/aamel/goods/49558408/?did=80549272,https://c.imgz.jp/408/50558408/50558408b_14_d_500.jpg,8900,gray,44,6,49,hade,adult,huwahuwa,cool,yurui
24,A AMEL,パンツ,パンツ,https://zozo.jp/shop/aamel/goods/49039130/?did=79857596,https://c.imgz.jp/130/50039130/50039130b_8_d_500.jpg,8900,black,19,0,79,hade,adult,huwahuwa,yurui,cool
25,A AMEL,スカート,スカート,https://zozo.jp/shop/aamel/goods/47877299/?did=78312532,https://c.imgz.jp/299/48877299/48877299b_8_d_500.jpg,10000,black,46,10,43,hade,adult,huwahuwa,yurui,cool
26,A AMEL,スカート,デニムスカート,https://zozo.jp/shop/aamel/goods/41710451/?did=69746200,https://c.imgz.jp/451/42710451/42710451b_8_d_500.jpg,9065,black,61,5,33,hade,adult,huwahuwa,yurui,cool
27,A AMEL,トップス,シャツ/ブラウス,https://zozo.jp/shop/aamel/goods/46702211/?did=76673877,https://c.imgz.jp/211/47702211/47702211b_139_d_500.jpg,7590,gray,41,11,46,hade,adult,huwahuwa,cool,yurui
28,A AMEL,トップス,シャツ/ブラウス,https://zozo.jp/shop/aamel/goods/48903308/?did=79689791,https://c.imgz.jp/308/49903308/49903308b_1_d_500.jpg,7899,white,40,11,48,hade,adult,huwahuwa,cool,yurui
29,A AMEL,トップス,シャツ/ブラウス,https://zozo.jp/shop/aamel/goods/48903308/?did=79690030,https://c.imgz.jp/308/49903308/49903308b_8_d_500.jpg,7899,black,42,8,48,hade,adult,huwahuwa,yurui,cool
30,A AMEL,シューズ,スリッポン,https://zozo.jp/shop/aamel/goods/47396413/?did=77651349,https://c.imgz.jp/413/48396413/48396413b_1_d_500.jpg,6009,white,40,9,49,hikaeme,cool,adult,huwahuwa,beuty
31,A AMEL,シューズ,スリッポン,https://zozo.jp/shop/aamel/goods/47396413/?did=77651477,https://c.imgz.jp/413/48396413/48396413b_8_d_500.jpg,6009,black,43,8,47,hade,adult,cool,huwahuwa,yurui
32,A AMEL,トップス,ニット/セーター,https://zozo.jp/shop/aamel/goods/46222599/?did=75976551,https://c.imgz.jp/599/47222599/47222599b_14_d_500.jpg,7150,gray,46,8,45,hade,adult,huwahuwa,cool,yurui
33,A AMEL,パンツ,パンツ,https://zozo.jp/shop/aamel/goods/49039112/?did=79857370,https://c.imgz.jp/112/50039112/50039112b_14_d_500.jpg,9900,gray,66,6,27,hade,adult,huwahuwa,cool,yurui
34,A AMEL,パンツ,パンツ,https://zozo.jp/shop/aamel/goods/49039112/?did=79857371,https://c.imgz.jp/112/50039112/50039112b_18_d_500.jpg,9900,gray,55,10,33,hade,adult,huwahuwa,yurui,cool
35,A AMEL,ジャケット/アウター,ライダースジャケット,https://zozo.jp/shop/aamel/goods/49250809/?did=80139137,https://c.imgz.jp/809/50250809/50250809b_8_d_500.jpg,198000,black,59,7,32,hade,adult,huwahuwa,yurui,cool
36,A AMEL,パンツ,パンツ,https://zozo.jp/shop/aamel/goods/47361919/?did=77604217,https://c.imgz.jp/919/48361919/48361919b_8_d_500.jpg,10084,black,22,5,72,hade,adult,huwahuwa,cool,yurui
37,A AMEL,パンツ,パンツ,https://zozo.jp/shop/aamel/goods/47361919/?did=77604212,https://c.imgz.jp/919/48361919/48361919b_14_d_500.jpg,10084,gray,76,3,20,hade,adult,huwahuwa,yurui,cool
38,A AMEL,シューズ,ブーツ,https://zozo.jp/shop/aamel/goods/47396455/?did=77651572,https://c.imgz.jp/455/48396455/48396455b_14_d_500.jpg,9574,brown,64,6,28,hade,adult,huwahuwa,cool,yurui
39,A AMEL,パンツ,デニムパンツ,https://zozo.jp/shop/aamel/goods/40394054/?did=67796720,https://c.imgz.jp/054/41394054/41394054b_8_d_500.jpg,5382,blue,50,1,48,hade,adult,cool,yurui,huwahuwa
40,A AMEL,シューズ,バレエシューズ,https://zozo.jp/shop/aamel/goods/47396453/?did=77651540,https://c.imgz.jp/453/48396453/48396453b_19_d_500.jpg,6009,red,49,14,36,hikaeme,cool,adult,huwahuwa,beuty
41,A AMEL,シューズ,バレエシューズ,https://zozo.jp/shop/aamel/goods/47396453/?did=77651534,https://c.imgz.jp/453/48396453/48396453b_8_d_500.jpg,6009,brown,60,8,31,hade,adult,huwahuwa,cool,yurui
42,A AMEL,シューズ,バレエシューズ,https://zozo.jp/shop/aamel/goods/47396453/?did=77651546,https://c.imgz.jp/453/48396453/48396453b_17_d_500.jpg,6009,brown,58,10,30,hade,cool,adult,huwahuwa,beuty
43,A AMEL,パンツ,パンツ,https://zozo.jp/shop/aamel/goods/41710941/?did=69698775,https://c.imgz.jp/941/42710941/42710941b_8_d_500.jpg,7028,black,27,0,71,hade,adult,cool,yurui,huwahuwa
44,A AMEL,パンツ,デニムパンツ,https://zozo.jp/shop/aamel/goods/40297801/?did=68839611,https://c.imgz.jp/801/41297801/41297801b_16_d_500.jpg,7343,blue,53,1,44,hade,adult,yurui,huwahuwa,cool
45,A AMEL,シューズ,ローファー,https://zozo.jp/shop/aamel/goods/50341308/?did=81642390,https://c.imgz.jp/308/51341308/51341308b_1_d_500.jpg,9800,white,44,14,40,hikaeme,adult,huwahuwa,cool,beuty
46,A AMEL,シューズ,スニーカー,https://zozo.jp/shop/aamel/goods/50341155/?did=81641710,https://c.imgz.jp/155/51341155/51341155b_8_d_500.jpg,9500,brown,72,2,25,hade,adult,huwahuwa,cool,yurui
47,A AMEL,パンツ,パンツ,https://zozo.jp/shop/aamel/goods/40228789/?did=67859530,https://c.imgz.jp/789/41228789/41228789b_18_d_500.jpg,7084,gray,50,4,45,hade,adult,huwahuwa,cool,yurui
48,A AMEL,シューズ,サンダル,https://zozo.jp/shop/aamel/goods/47396505/?did=77651879,https://c.imgz.jp/505/48396505/48396505b_20_d_500.jpg,6009,white,53,7,38,hikaeme,cool,adult,huwahuwa,beuty
49,A AMEL,パンツ,カーゴパンツ,https://zozo.jp/shop/aamel/goods/48562715/?did=79236549,https://c.imgz.jp/715/49562715/49562715b_14_d_500.jpg,9900,gray,62,7,29,hade,adult,huwahuwa,yurui,cool
